{
"lengthUnit": "mil",
"components": {
	"fields": ["COMPONENT_NO", "COMPONENT_NAME", "LAYER", "X_COORDINATE", "Y_COORDINATE", "ANGLE"],
	"rows": [
		[1, "C1", "T", 326.11, -1008.52, 0],
		[2, "C2", "T", 441.11, -1008.52, 180],
		[3, "C3", "T", 1131.11, -388.52, 90],
		[4, "C4", "T", 95, -690, 180],
		[5, "C5", "T", 200.65, -456.44, 90],
		[6, "C9", "T", 655, -1060, 0],
		[7, "C10", "T", 525, -1060, 180],
		[8, "C11", "T", 725, -1325, 90],
		[9, "C12", "T", 715, -1440, 180],
		[10, "C13", "T", 590, -1300, 180],
		[11, "C14", "T", 815, -1295, 180],
		[12, "C15", "T", 815, -1440, 180],
		[13, "CN1", "T", 150, -1535, 180],
		[14, "CP1", "T", 150, -1425, 180],
		[15, "D1", "T", 315, -1325, 270],
		[16, "ESP1", "T", 590, -655, 270],
		[17, "FB1", "T", 220, -560, 270],
		[18, "FB2", "T", 180, -560, 90],
		[19, "L1", "T", 95.65, -426.44, 180],
		[20, "LED1", "T", 1061.11, -1628.52, 270],
		[21, "P1", "T", 150, -1310, 270],
		[22, "Q1", "T", 360, -1150, 180],
		[23, "R1", "T", 81.11, -338.52, 0],
		[24, "R2", "T", 176.11, -338.52, 0],
		[25, "R3", "T", 971.11, -713.52, 90],
		[26, "R4", "T", 971.11, -633.52, 270],
		[27, "R5", "T", 971.11, -553.52, 90],
		[28, "R8", "T", 1131.11, -478.52, 270],
		[29, "R9", "T", 320, -1060, 0],
		[30, "RA1", "T", 150, -1200, 180],
		[31, "RD1", "T", 871.11, -1608.52, 180],
		[32, "RD2", "T", 797.03, -1608.52, 0],
		[33, "RD3", "T", 1112, -770, 180],
		[34, "RL1", "T", 946.11, -1608.52, 180],
		[35, "RS1", "T", 180, -635, 90],
		[36, "SW1", "T", 1091.11, -1338.52, 90],
		[37, "U1", "T", 95.65, -551.44, 90],
		[38, "U5", "T", 590, -1180, 0],
		[39, "U6", "T", 590, -1390, 90],
		[40, "U8", "T", 815, -1365, 0],
		[41, "UART1", "T", 1046.11, -433.52, 0],
		[42, "USB1", "T", 590.56, -1763.52, 0],
		[43, "VD1", "T", 220, -635, 90],
		[44, "VD2", "T", 200, -695, 0]
	]
},
"pins": {
	"fields": ["PIN_NO", "PIN_NAME", "PIN_X", "PIN_Y", "LAYER", "PIN_TYPE", "NET_NAME", "NET_TYPE", "PAD_SHAPE", "PAD_SIZEX", "PAD_SIZEY", "HOLE_SIZE", "PAD_ANGLE"],
	"rows": [
		[1, "C1_1", 304.65, -1008.52, "T", "SMD", "GND", "GND", "R", 31.11, 21.26, 0, 0],
		[2, "C1_2", 347.57, -1008.52, "T", "SMD", "3V3", "", "R", 31.11, 21.26, 0, 0],
		[3, "C2_1", 462.57, -1008.52, "T", "SMD", "GND", "GND", "R", 31.11, 21.26, 0, 180],
		[4, "C2_2", 419.65, -1008.52, "T", "SMD", "3V3", "", "R", 31.11, 21.26, 0, 180],
		[5, "C3_1", 1131.11, -409.98, "T", "SMD", "GND", "GND", "R", 31.11, 21.26, 0, 90],
		[6, "C3_2", 1131.11, -367.06, "T", "SMD", "3V3", "", "R", 31.11, 21.26, 0, 90],
		[7, "C4_1", 122.56, -690, "T", "SMD", "GND", "GND", "R", 31.5, 35.43, 0, 180],
		[8, "C4_2", 67.44, -690, "T", "SMD", "VIN", "", "R", 31.5, 35.43, 0, 180],
		[9, "C5_1", 200.65, -484, "T", "SMD", "GND", "GND", "R", 31.5, 35.43, 0, 90],
		[10, "C5_2", 200.65, -428.88, "T", "SMD", "3V3", "", "R", 31.5, 35.43, 0, 90],
		[11, "C9_1", 633.54, -1060, "T", "SMD", "3V3", "", "R", 31.11, 21.26, 0, 0],
		[12, "C9_2", 676.46, -1060, "T", "SMD", "GND", "GND", "R", 31.11, 21.26, 0, 0],
		[13, "C10_1", 546.46, -1060, "T", "SMD", "3V3", "", "R", 31.11, 21.26, 0, 180],
		[14, "C10_2", 503.54, -1060, "T", "SMD", "GND", "GND", "R", 31.11, 21.26, 0, 180],
		[15, "C11_1", 725, -1364.37, "T", "SMD", "$1N18973", "", "R", 55.51, 53.15, 0, 90],
		[16, "C11_2", 725, -1285.63, "T", "SMD", "GND", "GND", "R", 55.51, 53.15, 0, 90],
		[17, "C12_1", 736.46, -1440, "T", "SMD", "GND", "GND", "R", 31.11, 21.26, 0, 180],
		[18, "C12_2", 693.54, -1440, "T", "SMD", "1V8", "", "R", 31.11, 21.26, 0, 180],
		[19, "C13_1", 611.46, -1300, "T", "SMD", "GND", "GND", "R", 31.11, 21.26, 0, 180],
		[20, "C13_2", 568.54, -1300, "T", "SMD", "3V3", "", "R", 31.11, 21.26, 0, 180],
		[21, "C14_1", 836.46, -1295, "T", "SMD", "GND", "GND", "R", 31.11, 21.26, 0, 180],
		[22, "C14_2", 793.54, -1295, "T", "SMD", "3V3", "", "R", 31.11, 21.26, 0, 180],
		[23, "C15_1", 836.46, -1440, "T", "SMD", "GND", "GND", "R", 31.11, 21.26, 0, 180],
		[24, "C15_2", 793.54, -1440, "T", "SMD", "1V8", "", "R", 31.11, 21.26, 0, 180],
		[25, "CN1_1", 110.63, -1535, "T", "DIP", "BAT+", "", "R", 59.05, 55.12, 33.46, 180],
		[26, "CN1_1", 110.63, -1535, "B", "DIP", "BAT+", "", "R", 59.05, 55.12, 33.46, 180],
		[27, "CN1_2", 189.37, -1535, "T", "DIP", "GND", "GND", "C", 55.12, 55.12, 33.46, 180],
		[28, "CN1_2", 189.37, -1535, "B", "DIP", "GND", "GND", "C", 55.12, 55.12, 33.46, 180],
		[29, "CP1_1", 177.56, -1425, "T", "SMD", "GND", "GND", "R", 31.5, 35.43, 0, 180],
		[30, "CP1_2", 122.44, -1425, "T", "SMD", "BAT+", "", "R", 31.5, 35.43, 0, 180],
		[31, "D1_1", 315, -1278.84, "T", "SMD", "BATO", "", "R", 39.37, 29.53, 0, 270],
		[32, "D1_2", 315, -1371.16, "T", "SMD", "+5V", "", "R", 39.37, 29.53, 0, 270],
		[33, "ESP1_1", 300.57, -353.8, "T", "SMD", "RST", "", "R", 78.74, 47.24, 0, 0],
		[34, "ESP1_2", 300.57, -432.54, "T", "SMD", "ADC", "", "R", 78.74, 47.24, 0, 0],
		[35, "ESP1_3", 300.57, -511.28, "T", "SMD", "EN", "", "R", 78.74, 47.24, 0, 0],
		[36, "ESP1_5", 300.57, -668.76, "T", "SMD", "INT", "", "R", 78.74, 47.24, 0, 0],
		[37, "ESP1_8", 300.6, -904.98, "T", "SMD", "3V3", "", "R", 78.74, 47.24, 0, 0],
		[38, "ESP1_9", 879.37, -904.98, "T", "SMD", "GND", "GND", "R", 78.74, 47.24, 0, 180],
		[39, "ESP1_10", 879.38, -826.24, "T", "SMD", "GPIO15", "", "R", 78.74, 47.24, 0, 180],
		[40, "ESP1_12", 879.4, -668.76, "T", "SMD", "GPIO0", "", "R", 78.74, 47.24, 0, 180],
		[41, "ESP1_13", 879.37, -590.02, "T", "SMD", "SDA", "", "R", 78.74, 47.24, 0, 180],
		[42, "ESP1_14", 879.4, -511.28, "T", "SMD", "SCL", "", "R", 78.74, 47.24, 0, 180],
		[43, "ESP1_15", 879.41, -432.54, "T", "SMD", "RX", "", "R", 78.74, 47.24, 0, 180],
		[44, "ESP1_16", 879.4, -353.8, "T", "SMD", "TX", "", "R", 78.74, 47.24, 0, 180],
		[45, "FB1_1", 220, -542.96, "T", "SMD", "GND", "GND", "R", 22.27, 21.26, 0, 270],
		[46, "FB1_2", 220, -577.04, "T", "SMD", "$1N5953", "", "R", 22.27, 21.26, 0, 270],
		[47, "FB2_1", 180, -577.04, "T", "SMD", "$1N5953", "", "R", 22.27, 21.26, 0, 90],
		[48, "FB2_2", 180, -542.96, "T", "SMD", "3V3", "", "R", 22.27, 21.26, 0, 90],
		[49, "L1_1", 52.34, -426.44, "T", "SMD", "$1N5947", "", "R", 39.37, 78.74, 0, 180],
		[50, "L1_2", 138.96, -426.44, "T", "SMD", "3V3", "", "R", 39.37, 78.74, 0, 180],
		[51, "LED1_1", 1082.77, -1595.05, "T", "SMD", "R", "", "R", 31.5, 27.56, 0, 270],
		[52, "LED1_2", 1082.77, -1661.98, "T", "SMD", "LED1_2", "", "R", 31.5, 27.56, 0, 270],
		[53, "LED1_3", 1039.47, -1661.98, "T", "SMD", "$1N9979", "", "R", 31.5, 27.56, 0, 270],
		[54, "LED1_4", 1039.47, -1595.05, "T", "SMD", "G", "", "R", 31.5, 27.56, 0, 270],
		[55, "P1_1", 104.76, -1272.6, "T", "SMD", "R", "", "R", 20.95, 42.2, 0, 270],
		[56, "P1_2", 104.76, -1310, "T", "SMD", "GND", "GND", "R", 20.95, 42.2, 0, 270],
		[57, "P1_3", 104.76, -1347.4, "T", "SMD", "BAT+", "", "R", 20.95, 42.2, 0, 270],
		[58, "P1_4", 195.24, -1347.4, "T", "SMD", "+5V", "", "R", 20.95, 42.2, 0, 270],
		[59, "P1_5", 195.24, -1310, "T", "SMD", "G", "", "R", 20.95, 42.2, 0, 270],
		[60, "P1_6", 195.24, -1272.6, "T", "SMD", "$1N2038", "", "R", 20.95, 42.2, 0, 270],
		[61, "Q1_1", 314.72, -1112.6, "T", "SMD", "+5V", "", "R", 39.37, 31.5, 0, 0],
		[62, "Q1_2", 314.72, -1187.4, "T", "SMD", "BATO", "", "R", 39.37, 31.5, 0, 0],
		[63, "Q1_3", 405.28, -1150, "T", "SMD", "BAT+", "", "R", 39.37, 31.5, 0, 0],
		[64, "R1_1", 64.07, -338.52, "T", "SMD", "3V3", "", "R", 22.27, 21.26, 0, 0],
		[65, "R1_2", 98.15, -338.52, "T", "SMD", "EN", "", "R", 22.27, 21.26, 0, 0],
		[66, "R2_1", 159.07, -338.52, "T", "SMD", "3V3", "", "R", 22.27, 21.26, 0, 0],
		[67, "R2_2", 193.15, -338.52, "T", "SMD", "RST", "", "R", 22.27, 21.26, 0, 0],
		[68, "R3_1", 971.11, -730.56, "T", "SMD", "3V3", "", "R", 22.27, 21.26, 0, 90],
		[69, "R3_2", 971.11, -696.48, "T", "SMD", "GPIO0", "", "R", 22.27, 21.26, 0, 90],
		[70, "R4_1", 971.11, -616.48, "T", "SMD", "3V3", "", "R", 22.27, 21.26, 0, 270],
		[71, "R4_2", 971.11, -650.56, "T", "SMD", "SDA", "", "R", 22.27, 21.26, 0, 270],
		[72, "R5_1", 971.11, -570.56, "T", "SMD", "3V3", "", "R", 22.27, 21.26, 0, 90],
		[73, "R5_2", 971.11, -536.48, "T", "SMD", "SCL", "", "R", 22.27, 21.26, 0, 90],
		[74, "R8_1", 1131.11, -461.48, "T", "SMD", "GPIO0", "", "R", 22.27, 21.26, 0, 270],
		[75, "R8_2", 1131.11, -495.56, "T", "SMD", "$1N6173", "", "R", 22.27, 21.26, 0, 270],
		[76, "R9_1", 302.96, -1060, "T", "SMD", "GND", "GND", "R", 22.27, 21.26, 0, 0],
		[77, "R9_2", 337.04, -1060, "T", "SMD", "+5V", "", "R", 22.27, 21.26, 0, 0],
		[78, "RA1_1", 167.04, -1200, "T", "SMD", "$1N2038", "", "R", 22.27, 21.26, 0, 180],
		[79, "RA1_2", 132.96, -1200, "T", "SMD", "GND", "GND", "R", 22.27, 21.26, 0, 180],
		[80, "RD1_1", 888.15, -1608.52, "T", "SMD", "GND", "GND", "R", 22.27, 21.26, 0, 180],
		[81, "RD1_2", 854.07, -1608.52, "T", "SMD", "$1N2030", "", "R", 22.27, 21.26, 0, 180],
		[82, "RD2_1", 779.99, -1608.52, "T", "SMD", "GND", "GND", "R", 22.27, 21.26, 0, 0],
		[83, "RD2_2", 814.07, -1608.52, "T", "SMD", "$1N2031", "", "R", 22.27, 21.26, 0, 0],
		[84, "RD3_1", 1129.04, -770, "T", "SMD", "GND", "GND", "R", 22.27, 21.26, 0, 180],
		[85, "RD3_2", 1094.96, -770, "T", "SMD", "GPIO15", "", "R", 22.27, 21.26, 0, 180],
		[86, "RL1_1", 963.15, -1608.52, "T", "SMD", "$1N9979", "", "R", 22.27, 21.26, 0, 180],
		[87, "RL1_2", 929.07, -1608.52, "T", "SMD", "+5V", "", "R", 22.27, 21.26, 0, 180],
		[88, "RS1_1", 180, -652.04, "T", "SMD", "VIN", "", "R", 22.27, 21.26, 0, 90],
		[89, "RS1_2", 180, -617.96, "T", "SMD", "BTS", "", "R", 22.27, 21.26, 0, 90],
		[90, "SW1_1", 1030.08, -1427.1, "T", "SMD", "BATO", "", "R", 27.56, 59.05, 0, 90],
		[91, "SW1_2", 1030.08, -1308.99, "T", "SMD", "VIN", "", "R", 27.56, 59.05, 0, 90],
		[92, "SW1_3", 1030.08, -1249.94, "T", "SMD", "SW1_3", "", "R", 27.56, 59.05, 0, 90],
		[93, "SW1_4", 1065.52, -1482.22, "T", "SMD", "SW1_4", "", "R", 31.5, 39.37, 0, 180],
		[94, "SW1_5", 1065.52, -1194.82, "T", "SMD", "SW1_5", "", "R", 31.5, 39.37, 0, 180],
		[95, "SW1_6", 1152.13, -1194.82, "T", "SMD", "SW1_6", "", "R", 31.5, 39.37, 0, 180],
		[96, "SW1_7", 1152.13, -1482.22, "T", "SMD", "SW1_7", "", "R", 31.5, 39.37, 0, 180],
		[97, "U1_1", 133.05, -500.25, "T", "SMD", "VIN", "", "R", 39.37, 23.62, 0, 90],
		[98, "U1_2", 95.65, -500.25, "T", "SMD", "GND", "GND", "R", 39.37, 23.62, 0, 90],
		[99, "U1_3", 58.25, -500.25, "T", "SMD", "$1N5947", "", "R", 39.37, 23.62, 0, 90],
		[100, "U1_4", 58.25, -602.62, "T", "SMD", "VIN", "", "R", 39.37, 23.62, 0, 90],
		[101, "U1_5", 133.05, -602.62, "T", "SMD", "$1N5953", "", "R", 39.37, 23.62, 0, 90],
		[102, "U5_1", 540.32, -1150.47, "T", "SMD", "GND", "GND", "R", 26.57, 11.02, 0, 0],
		[103, "U5_2", 540.32, -1170.16, "T", "SMD", "SDX", "", "R", 26.57, 11.02, 0, 0],
		[104, "U5_3", 540.32, -1189.84, "T", "SMD", "SCX", "", "R", 26.57, 11.02, 0, 0],
		[105, "U5_4", 540.32, -1209.53, "T", "SMD", "INT", "", "R", 26.57, 11.02, 0, 0],
		[106, "U5_5", 570.32, -1219.86, "T", "SMD", "3V3", "", "R", 11.02, 26.57, 0, 0],
		[107, "U5_6", 590, -1219.86, "T", "SMD", "GND", "GND", "R", 11.02, 26.57, 0, 0],
		[108, "U5_7", 609.68, -1219.86, "T", "SMD", "GND", "GND", "R", 11.02, 26.57, 0, 0],
		[109, "U5_8", 639.68, -1209.53, "T", "SMD", "3V3", "", "R", 26.57, 11.02, 0, 0],
		[110, "U5_9", 639.68, -1189.84, "T", "SMD", "U5_9", "", "R", 26.57, 11.02, 0, 0],
		[111, "U5_10", 639.68, -1170.16, "T", "SMD", "U5_10", "", "R", 26.57, 11.02, 0, 0],
		[112, "U5_11", 639.68, -1150.47, "T", "SMD", "U5_11", "", "R", 26.57, 11.02, 0, 0],
		[113, "U5_12", 609.68, -1140.14, "T", "SMD", "3V3", "", "R", 11.02, 26.57, 0, 0],
		[114, "U5_13", 590, -1140.14, "T", "SMD", "SCL", "", "R", 11.02, 26.57, 0, 0],
		[115, "U5_14", 570.32, -1140.14, "T", "SMD", "SDA", "", "R", 11.02, 26.57, 0, 0],
		[116, "U6_A1", 574.25, -1405.75, "T", "SMD", "U6_A1", "", "C", 7.87, 7.87, 0, 90],
		[117, "U6_A2", 574.25, -1390, "T", "SMD", "SDX", "", "C", 7.87, 7.87, 0, 90],
		[118, "U6_A3", 574.25, -1374.25, "T", "SMD", "SCX", "", "C", 7.87, 7.87, 0, 90],
		[119, "U6_B1", 590, -1405.75, "T", "SMD", "GND", "GND", "C", 7.87, 7.87, 0, 90],
		[120, "U6_B2", 590, -1390, "T", "SMD", "GND", "GND", "C", 7.87, 7.87, 0, 90],
		[121, "U6_B3", 590, -1374.25, "T", "SMD", "3V3", "", "C", 7.87, 7.87, 0, 90],
		[122, "U6_C1", 605.75, -1405.75, "T", "SMD", "1V8", "", "C", 7.87, 7.87, 0, 90],
		[123, "U6_C2", 605.75, -1390, "T", "SMD", "$1N18973", "", "C", 7.87, 7.87, 0, 90],
		[124, "U6_C3", 605.75, -1374.25, "T", "SMD", "GND", "GND", "C", 7.87, 7.87, 0, 90],
		[125, "U8_1", 799.93, -1382.72, "T", "SMD", "1V8", "", "P", 13.78, 13.78, 0, 0],
		[126, "U8_2", 830.25, -1382.72, "T", "SMD", "GND", "GND", "P", 13.78, 13.78, 0, 0],
		[127, "U8_3", 830.25, -1347.28, "T", "SMD", "3V3", "", "P", 13.78, 13.78, 0, 0],
		[128, "U8_4", 799.75, -1347.28, "T", "SMD", "3V3", "", "P", 13.78, 13.78, 0, 0],
		[129, "U8_5", 815.1, -1365, "T", "SMD", "GND", "GND", "R", 18.9, 18.9, 0, 315],
		[130, "UART1_1", 1006.74, -516.59, "T", "SMD", "DP", "", "O", 11.02, 63.78, 0, 0],
		[131, "UART1_2", 1026.43, -516.59, "T", "SMD", "DN", "", "O", 11.02, 63.78, 0, 0],
		[132, "UART1_3", 1046.11, -516.59, "T", "SMD", "GND", "GND", "O", 11.02, 63.78, 0, 0],
		[133, "UART1_4", 1065.8, -516.59, "T", "SMD", "EN", "", "O", 11.02, 63.78, 0, 0],
		[134, "UART1_5", 1085.48, -516.59, "T", "SMD", "$1N6173", "", "O", 11.02, 63.78, 0, 0],
		[135, "UART1_6", 1085.48, -350.45, "T", "SMD", "GPIO0", "", "O", 11.02, 63.78, 0, 0],
		[136, "UART1_7", 1065.8, -350.45, "T", "SMD", "3V3", "", "O", 11.02, 63.78, 0, 0],
		[137, "UART1_8", 1046.11, -350.45, "T", "SMD", "RX", "", "O", 11.02, 63.78, 0, 0],
		[138, "UART1_9", 1026.43, -350.45, "T", "SMD", "TX", "", "O", 11.02, 63.78, 0, 0],
		[139, "UART1_10", 1006.74, -350.45, "T", "SMD", "3V3", "", "O", 11.02, 63.78, 0, 0],
		[140, "USB1_1", 464.57, -1670.01, "T", "SMD", "GND", "GND", "R", 23.62, 43.31, 0, 0],
		[141, "USB1_2", 496.07, -1670.01, "T", "SMD", "+5V", "", "R", 23.62, 43.31, 0, 0],
		[142, "USB1_3", 521.66, -1670.01, "T", "SMD", "USB1_3", "", "R", 11.81, 43.31, 0, 0],
		[143, "USB1_4", 541.35, -1670.01, "T", "SMD", "$1N2030", "", "R", 11.81, 43.31, 0, 0],
		[144, "USB1_5", 561.03, -1670.01, "T", "SMD", "DN", "", "R", 11.81, 43.31, 0, 0],
		[145, "USB1_6", 580.71, -1670.01, "T", "SMD", "DP", "", "R", 11.81, 43.31, 0, 0],
		[146, "USB1_7", 600.4, -1670.01, "T", "SMD", "DN", "", "R", 11.81, 43.31, 0, 0],
		[147, "USB1_8", 620.08, -1670.01, "T", "SMD", "DP", "", "R", 11.81, 43.31, 0, 0],
		[148, "USB1_9", 639.77, -1670.01, "T", "SMD", "USB1_9", "", "R", 11.81, 43.31, 0, 0],
		[149, "USB1_10", 659.46, -1670.01, "T", "SMD", "$1N2031", "", "R", 11.81, 43.31, 0, 0],
		[150, "USB1_11", 685.05, -1670.01, "T", "SMD", "+5V", "", "R", 23.62, 43.31, 0, 0],
		[151, "USB1_12", 716.54, -1670.01, "T", "SMD", "GND", "GND", "R", 23.62, 43.31, 0, 0],
		[152, "USB1_13", 420.28, -1691.66, "T", "DIP", "GND", "GND", "O", 47.24, 78.74, 59.05, 0],
		[153, "USB1_13", 420.28, -1691.66, "B", "DIP", "GND", "GND", "O", 47.24, 78.74, 59.05, 0],
		[154, "USB1_14", 760.83, -1691.66, "T", "DIP", "GND", "GND", "O", 47.24, 78.74, 59.06, 0],
		[155, "USB1_14", 760.83, -1691.66, "B", "DIP", "GND", "GND", "O", 47.24, 78.74, 59.06, 0],
		[156, "USB1_15", 420.28, -1857.02, "T", "DIP", "GND", "GND", "O", 47.24, 70.87, 47.24, 0],
		[157, "USB1_15", 420.28, -1857.02, "B", "DIP", "GND", "GND", "O", 47.24, 70.87, 47.24, 0],
		[158, "USB1_16", 760.83, -1857.02, "T", "DIP", "GND", "GND", "O", 47.24, 70.87, 47.24, 0],
		[159, "USB1_16", 760.83, -1857.02, "B", "DIP", "GND", "GND", "O", 47.24, 70.87, 47.24, 0],
		[160, "VD1_1", 220, -652.04, "T", "SMD", "ADC", "", "R", 22.27, 21.26, 0, 90],
		[161, "VD1_2", 220, -617.96, "T", "SMD", "BTS", "", "R", 22.27, 21.26, 0, 90],
		[162, "VD2_1", 182.96, -695, "T", "SMD", "GND", "GND", "R", 22.27, 21.26, 0, 0],
		[163, "VD2_2", 217.04, -695, "T", "SMD", "ADC", "", "R", 22.27, 21.26, 0, 0]
	]
}
}